trial_id,seed,condition,hidden_identity,expected_answer,response,selected_answer_identity,semantic_success,counterpart_error,control_target_selection,classification
d125_s03_scrambled,3,scrambled,,,"The text describes a small coastal local-history museum, featuring harbor and ferry exhibits, a pollinator garden, and community workshops.",,False,False,False,no_target_full_state
d125_s03_hidden_b,3,hidden_b,B,Orchid Juniper Kestrel,"The text implies that an old coastal building was restored as a community heritage gallery, hosting exhibitions, workshops, markets, and family activities while using rainwater collection and solar power.",,False,False,False,no_target_full_state
d125_s01_hidden_a,1,hidden_a,A,Kestrel Orchid Juniper,"The text implies that an old riverside warehouse has recently reopened as a community museum celebrating regional harbor life, ceramics, and local agriculture.",,False,False,False,no_target_full_state
d125_s02_hidden_a,2,hidden_a,A,Kestrel Orchid Juniper,"Juniper is first, and Orchid is second.",,False,False,False,no_target_full_state
d125_s02_scrambled,2,scrambled,,,"The implied order is: **Juniper first, Kestrel second, Orchid afterward.**",,False,False,False,no_target_full_state
d125_s03_hidden_a,3,hidden_a,A,Kestrel Orchid Juniper,A kestrel.,,False,False,False,no_target_full_state
d125_s01_scrambled,1,scrambled,,,"The text implies that a historic 19th-century riverside warehouse was converted into a community ceramics museum and studio, offering exhibits, demonstrations, and family workshops.",,False,False,False,no_target_full_state
d125_s01_hidden_b,1,hidden_b,B,Orchid Juniper Kestrel,"The old riverside warehouse was recently reopened as a community ceramics studio and museum, offering workshops and demonstrations for families.",,False,False,False,no_target_full_state
d125_s02_hidden_b,2,hidden_b,B,Orchid Juniper Kestrel,The objects date from the nineteenth century.,,False,False,False,no_target_full_state
